{"ongoing_trials": {}, "hyperparameters": {"space": [{"class_name": "Int", "config": {"name": "num_layers", "default": null, "conditions": [], "min_value": 2, "max_value": 20, "step": 1, "sampling": "linear"}}, {"class_name": "Int", "config": {"name": "num_units0", "default": null, "conditions": [], "min_value": 8, "max_value": 128, "step": 8, "sampling": "linear"}}, {"class_name": "Choice", "config": {"name": "activation0", "default": "relu", "conditions": [], "values": ["relu", "tanh", "selu", "sigmoid"], "ordered": false}}, {"class_name": "Int", "config": {"name": "num_units1", "default": null, "conditions": [], "min_value": 8, "max_value": 128, "step": 8, "sampling": "linear"}}, {"class_name": "Choice", "config": {"name": "activation1", "default": "relu", "conditions": [], "values": ["relu", "tanh", "selu", "sigmoid"], "ordered": false}}, {"class_name": "Choice", "config": {"name": "optimizer", "default": "adam", "conditions": [], "values": ["adam", "adagrad", "rmsprop", "sgd"], "ordered": false}}, {"class_name": "Int", "config": {"name": "num_units2", "default": null, "conditions": [], "min_value": 8, "max_value": 128, "step": 8, "sampling": "linear"}}, {"class_name": "Choice", "config": {"name": "activation2", "default": "relu", "conditions": [], "values": ["relu", "tanh", "selu", "sigmoid"], "ordered": false}}, {"class_name": "Int", "config": {"name": "num_units3", "default": null, "conditions": [], "min_value": 8, "max_value": 128, "step": 8, "sampling": "linear"}}, {"class_name": "Choice", "config": {"name": "activation3", "default": "relu", "conditions": [], "values": ["relu", "tanh", "selu", "sigmoid"], "ordered": false}}, {"class_name": "Int", "config": {"name": "num_units4", "default": null, "conditions": [], "min_value": 8, "max_value": 128, "step": 8, "sampling": "linear"}}, {"class_name": "Choice", "config": {"name": "activation4", "default": "relu", "conditions": [], "values": ["relu", "tanh", "selu", "sigmoid"], "ordered": false}}, {"class_name": "Int", "config": {"name": "num_units5", "default": null, "conditions": [], "min_value": 8, "max_value": 128, "step": 8, "sampling": "linear"}}, {"class_name": "Choice", "config": {"name": "activation5", "default": "relu", "conditions": [], "values": ["relu", "tanh", "selu", "sigmoid"], "ordered": false}}, {"class_name": "Int", "config": {"name": "num_units6", "default": null, "conditions": [], "min_value": 8, "max_value": 128, "step": 8, "sampling": "linear"}}, {"class_name": "Choice", "config": {"name": "activation6", "default": "relu", "conditions": [], "values": ["relu", "tanh", "selu", "sigmoid"], "ordered": false}}, {"class_name": "Int", "config": {"name": "num_units7", "default": null, "conditions": [], "min_value": 8, "max_value": 128, "step": 8, "sampling": "linear"}}, {"class_name": "Choice", "config": {"name": "activation7", "default": "relu", "conditions": [], "values": ["relu", "tanh", "selu", "sigmoid"], "ordered": false}}, {"class_name": "Int", "config": {"name": "num_units8", "default": null, "conditions": [], "min_value": 8, "max_value": 128, "step": 8, "sampling": "linear"}}, {"class_name": "Choice", "config": {"name": "activation8", "default": "relu", "conditions": [], "values": ["relu", "tanh", "selu", "sigmoid"], "ordered": false}}, {"class_name": "Int", "config": {"name": "num_units9", "default": null, "conditions": [], "min_value": 8, "max_value": 128, "step": 8, "sampling": "linear"}}, {"class_name": "Choice", "config": {"name": "activation9", "default": "relu", "conditions": [], "values": ["relu", "tanh", "selu", "sigmoid"], "ordered": false}}, {"class_name": "Int", "config": {"name": "num_units10", "default": null, "conditions": [], "min_value": 8, "max_value": 128, "step": 8, "sampling": "linear"}}, {"class_name": "Choice", "config": {"name": "activation10", "default": "relu", "conditions": [], "values": ["relu", "tanh", "selu", "sigmoid"], "ordered": false}}, {"class_name": "Int", "config": {"name": "num_units11", "default": null, "conditions": [], "min_value": 8, "max_value": 128, "step": 8, "sampling": "linear"}}, {"class_name": "Choice", "config": {"name": "activation11", "default": "relu", "conditions": [], "values": ["relu", "tanh", "selu", "sigmoid"], "ordered": false}}, {"class_name": "Int", "config": {"name": "num_units12", "default": null, "conditions": [], "min_value": 8, "max_value": 128, "step": 8, "sampling": "linear"}}, {"class_name": "Choice", "config": {"name": "activation12", "default": "relu", "conditions": [], "values": ["relu", "tanh", "selu", "sigmoid"], "ordered": false}}, {"class_name": "Int", "config": {"name": "num_units13", "default": null, "conditions": [], "min_value": 8, "max_value": 128, "step": 8, "sampling": "linear"}}, {"class_name": "Choice", "config": {"name": "activation13", "default": "relu", "conditions": [], "values": ["relu", "tanh", "selu", "sigmoid"], "ordered": false}}, {"class_name": "Int", "config": {"name": "num_units14", "default": null, "conditions": [], "min_value": 8, "max_value": 128, "step": 8, "sampling": "linear"}}, {"class_name": "Choice", "config": {"name": "activation14", "default": "relu", "conditions": [], "values": ["relu", "tanh", "selu", "sigmoid"], "ordered": false}}, {"class_name": "Int", "config": {"name": "num_units15", "default": null, "conditions": [], "min_value": 8, "max_value": 128, "step": 8, "sampling": "linear"}}, {"class_name": "Choice", "config": {"name": "activation15", "default": "relu", "conditions": [], "values": ["relu", "tanh", "selu", "sigmoid"], "ordered": false}}, {"class_name": "Int", "config": {"name": "num_units16", "default": null, "conditions": [], "min_value": 8, "max_value": 128, "step": 8, "sampling": "linear"}}, {"class_name": "Choice", "config": {"name": "activation16", "default": "relu", "conditions": [], "values": ["relu", "tanh", "selu", "sigmoid"], "ordered": false}}, {"class_name": "Int", "config": {"name": "num_units17", "default": null, "conditions": [], "min_value": 8, "max_value": 128, "step": 8, "sampling": "linear"}}, {"class_name": "Choice", "config": {"name": "activation17", "default": "relu", "conditions": [], "values": ["relu", "tanh", "selu", "sigmoid"], "ordered": false}}, {"class_name": "Int", "config": {"name": "num_units18", "default": null, "conditions": [], "min_value": 8, "max_value": 128, "step": 8, "sampling": "linear"}}, {"class_name": "Choice", "config": {"name": "activation18", "default": "relu", "conditions": [], "values": ["relu", "tanh", "selu", "sigmoid"], "ordered": false}}], "values": {"num_layers": 2, "num_units0": 8, "activation0": "relu", "num_units1": 8, "activation1": "relu", "optimizer": "adam", "num_units2": 8, "activation2": "relu", "num_units3": 8, "activation3": "relu", "num_units4": 8, "activation4": "relu", "num_units5": 8, "activation5": "relu", "num_units6": 8, "activation6": "relu", "num_units7": 8, "activation7": "relu", "num_units8": 8, "activation8": "relu", "num_units9": 8, "activation9": "relu", "num_units10": 8, "activation10": "relu", "num_units11": 8, "activation11": "relu", "num_units12": 8, "activation12": "relu", "num_units13": 8, "activation13": "relu", "num_units14": 8, "activation14": "relu", "num_units15": 8, "activation15": "relu", "num_units16": 8, "activation16": "relu", "num_units17": 8, "activation17": "relu", "num_units18": 8, "activation18": "relu"}}, "start_order": ["0", "1", "2", "3", "4"], "end_order": ["0", "1", "2", "3", "4"], "run_times": {"0": 1, "1": 1, "2": 1, "3": 1, "4": 1}, "retry_queue": [], "seed": 9893, "seed_state": 10015, "tried_so_far": ["5f731dd120bc9f7d955ee18ed6604883", "1d02163e61a0822e0398c6b5098807de", "f30c0fa7ed98e0ede70b3c2737ceccca", "ff015b13c67fe30a0c2a4d4d931d1525", "f5c67f528e0c9bb332e1439e3b5d794f"], "id_to_hash": {"0": "f5c67f528e0c9bb332e1439e3b5d794f", "1": "5f731dd120bc9f7d955ee18ed6604883", "2": "ff015b13c67fe30a0c2a4d4d931d1525", "3": "1d02163e61a0822e0398c6b5098807de", "4": "f30c0fa7ed98e0ede70b3c2737ceccca"}}