{"trial_id": "3", "hyperparameters": {"space": [{"class_name": "Int", "config": {"name": "num_layers", "default": null, "conditions": [], "min_value": 2, "max_value": 20, "step": 1, "sampling": "linear"}}, {"class_name": "Int", "config": {"name": "num_units0", "default": null, "conditions": [], "min_value": 8, "max_value": 128, "step": 8, "sampling": "linear"}}, {"class_name": "Choice", "config": {"name": "activation0", "default": "relu", "conditions": [], "values": ["relu", "tanh", "selu", "sigmoid"], "ordered": false}}, {"class_name": "Int", "config": {"name": "num_units1", "default": null, "conditions": [], "min_value": 8, "max_value": 128, "step": 8, "sampling": "linear"}}, {"class_name": "Choice", "config": {"name": "activation1", "default": "relu", "conditions": [], "values": ["relu", "tanh", "selu", "sigmoid"], "ordered": false}}, {"class_name": "Choice", "config": {"name": "optimizer", "default": "adam", "conditions": [], "values": ["adam", "adagrad", "rmsprop", "sgd"], "ordered": false}}, {"class_name": "Int", "config": {"name": "num_units2", "default": null, "conditions": [], "min_value": 8, "max_value": 128, "step": 8, "sampling": "linear"}}, {"class_name": "Choice", "config": {"name": "activation2", "default": "relu", "conditions": [], "values": ["relu", "tanh", "selu", "sigmoid"], "ordered": false}}, {"class_name": "Int", "config": {"name": "num_units3", "default": null, "conditions": [], "min_value": 8, "max_value": 128, "step": 8, "sampling": "linear"}}, {"class_name": "Choice", "config": {"name": "activation3", "default": "relu", "conditions": [], "values": ["relu", "tanh", "selu", "sigmoid"], "ordered": false}}, {"class_name": "Int", "config": {"name": "num_units4", "default": null, "conditions": [], "min_value": 8, "max_value": 128, "step": 8, "sampling": "linear"}}, {"class_name": "Choice", "config": {"name": "activation4", "default": "relu", "conditions": [], "values": ["relu", "tanh", "selu", "sigmoid"], "ordered": false}}, {"class_name": "Int", "config": {"name": "num_units5", "default": null, "conditions": [], "min_value": 8, "max_value": 128, "step": 8, "sampling": "linear"}}, {"class_name": "Choice", "config": {"name": "activation5", "default": "relu", "conditions": [], "values": ["relu", "tanh", "selu", "sigmoid"], "ordered": false}}, {"class_name": "Int", "config": {"name": "num_units6", "default": null, "conditions": [], "min_value": 8, "max_value": 128, "step": 8, "sampling": "linear"}}, {"class_name": "Choice", "config": {"name": "activation6", "default": "relu", "conditions": [], "values": ["relu", "tanh", "selu", "sigmoid"], "ordered": false}}, {"class_name": "Int", "config": {"name": "num_units7", "default": null, "conditions": [], "min_value": 8, "max_value": 128, "step": 8, "sampling": "linear"}}, {"class_name": "Choice", "config": {"name": "activation7", "default": "relu", "conditions": [], "values": ["relu", "tanh", "selu", "sigmoid"], "ordered": false}}, {"class_name": "Int", "config": {"name": "num_units8", "default": null, "conditions": [], "min_value": 8, "max_value": 128, "step": 8, "sampling": "linear"}}, {"class_name": "Choice", "config": {"name": "activation8", "default": "relu", "conditions": [], "values": ["relu", "tanh", "selu", "sigmoid"], "ordered": false}}, {"class_name": "Int", "config": {"name": "num_units9", "default": null, "conditions": [], "min_value": 8, "max_value": 128, "step": 8, "sampling": "linear"}}, {"class_name": "Choice", "config": {"name": "activation9", "default": "relu", "conditions": [], "values": ["relu", "tanh", "selu", "sigmoid"], "ordered": false}}, {"class_name": "Int", "config": {"name": "num_units10", "default": null, "conditions": [], "min_value": 8, "max_value": 128, "step": 8, "sampling": "linear"}}, {"class_name": "Choice", "config": {"name": "activation10", "default": "relu", "conditions": [], "values": ["relu", "tanh", "selu", "sigmoid"], "ordered": false}}, {"class_name": "Int", "config": {"name": "num_units11", "default": null, "conditions": [], "min_value": 8, "max_value": 128, "step": 8, "sampling": "linear"}}, {"class_name": "Choice", "config": {"name": "activation11", "default": "relu", "conditions": [], "values": ["relu", "tanh", "selu", "sigmoid"], "ordered": false}}], "values": {"num_layers": 12, "num_units0": 80, "activation0": "selu", "num_units1": 80, "activation1": "sigmoid", "optimizer": "sgd", "num_units2": 72, "activation2": "sigmoid", "num_units3": 56, "activation3": "sigmoid", "num_units4": 24, "activation4": "sigmoid", "num_units5": 104, "activation5": "tanh", "num_units6": 80, "activation6": "sigmoid", "num_units7": 8, "activation7": "relu", "num_units8": 8, "activation8": "relu", "num_units9": 8, "activation9": "relu", "num_units10": 8, "activation10": "relu", "num_units11": 8, "activation11": "relu"}}, "metrics": {"metrics": {"loss": {"direction": "min", "observations": [{"value": [-1.6006544828414917], "step": 0}]}, "accuracy": {"direction": "max", "observations": [{"value": [0.4459688663482666], "step": 0}]}, "val_loss": {"direction": "min", "observations": [{"value": [-4.166461944580078], "step": 0}]}, "val_accuracy": {"direction": "max", "observations": [{"value": [0.5161716341972351], "step": 0}]}, "multi_objective": {"direction": "min", "observations": [{"value": [-0.5161716341972351], "step": 0}]}}}, "score": -0.5161716341972351, "best_step": 0, "status": "COMPLETED", "message": null}