{"ongoing_trials": {}, "hyperparameters": {"space": [{"class_name": "Int", "config": {"name": "num_layers", "default": null, "conditions": [], "min_value": 2, "max_value": 20, "step": 1, "sampling": "linear"}}, {"class_name": "Int", "config": {"name": "num_units0", "default": null, "conditions": [], "min_value": 8, "max_value": 128, "step": 8, "sampling": "linear"}}, {"class_name": "Choice", "config": {"name": "activation0", "default": "relu", "conditions": [], "values": ["relu", "tanh", "selu", "sigmoid"], "ordered": false}}, {"class_name": "Int", "config": {"name": "num_units1", "default": null, "conditions": [], "min_value": 8, "max_value": 128, "step": 8, "sampling": "linear"}}, {"class_name": "Choice", "config": {"name": "activation1", "default": "relu", "conditions": [], "values": ["relu", "tanh", "selu", "sigmoid"], "ordered": false}}, {"class_name": "Choice", "config": {"name": "optimizer", "default": "adam", "conditions": [], "values": ["adam", "adagrad", "rmsprop", "sgd"], "ordered": false}}, {"class_name": "Int", "config": {"name": "num_units2", "default": null, "conditions": [], "min_value": 8, "max_value": 128, "step": 8, "sampling": "linear"}}, {"class_name": "Choice", "config": {"name": "activation2", "default": "relu", "conditions": [], "values": ["relu", "tanh", "selu", "sigmoid"], "ordered": false}}, {"class_name": "Int", "config": {"name": "num_units3", "default": null, "conditions": [], "min_value": 8, "max_value": 128, "step": 8, "sampling": "linear"}}, {"class_name": "Choice", "config": {"name": "activation3", "default": "relu", "conditions": [], "values": ["relu", "tanh", "selu", "sigmoid"], "ordered": false}}, {"class_name": "Int", "config": {"name": "num_units4", "default": null, "conditions": [], "min_value": 8, "max_value": 128, "step": 8, "sampling": "linear"}}, {"class_name": "Choice", "config": {"name": "activation4", "default": "relu", "conditions": [], "values": ["relu", "tanh", "selu", "sigmoid"], "ordered": false}}, {"class_name": "Int", "config": {"name": "num_units5", "default": null, "conditions": [], "min_value": 8, "max_value": 128, "step": 8, "sampling": "linear"}}, {"class_name": "Choice", "config": {"name": "activation5", "default": "relu", "conditions": [], "values": ["relu", "tanh", "selu", "sigmoid"], "ordered": false}}, {"class_name": "Int", "config": {"name": "num_units6", "default": null, "conditions": [], "min_value": 8, "max_value": 128, "step": 8, "sampling": "linear"}}, {"class_name": "Choice", "config": {"name": "activation6", "default": "relu", "conditions": [], "values": ["relu", "tanh", "selu", "sigmoid"], "ordered": false}}, {"class_name": "Int", "config": {"name": "num_units7", "default": null, "conditions": [], "min_value": 8, "max_value": 128, "step": 8, "sampling": "linear"}}, {"class_name": "Choice", "config": {"name": "activation7", "default": "relu", "conditions": [], "values": ["relu", "tanh", "selu", "sigmoid"], "ordered": false}}, {"class_name": "Int", "config": {"name": "num_units8", "default": null, "conditions": [], "min_value": 8, "max_value": 128, "step": 8, "sampling": "linear"}}, {"class_name": "Choice", "config": {"name": "activation8", "default": "relu", "conditions": [], "values": ["relu", "tanh", "selu", "sigmoid"], "ordered": false}}, {"class_name": "Int", "config": {"name": "num_units9", "default": null, "conditions": [], "min_value": 8, "max_value": 128, "step": 8, "sampling": "linear"}}, {"class_name": "Choice", "config": {"name": "activation9", "default": "relu", "conditions": [], "values": ["relu", "tanh", "selu", "sigmoid"], "ordered": false}}, {"class_name": "Int", "config": {"name": "num_units10", "default": null, "conditions": [], "min_value": 8, "max_value": 128, "step": 8, "sampling": "linear"}}, {"class_name": "Choice", "config": {"name": "activation10", "default": "relu", "conditions": [], "values": ["relu", "tanh", "selu", "sigmoid"], "ordered": false}}, {"class_name": "Int", "config": {"name": "num_units11", "default": null, "conditions": [], "min_value": 8, "max_value": 128, "step": 8, "sampling": "linear"}}, {"class_name": "Choice", "config": {"name": "activation11", "default": "relu", "conditions": [], "values": ["relu", "tanh", "selu", "sigmoid"], "ordered": false}}, {"class_name": "Int", "config": {"name": "num_units12", "default": null, "conditions": [], "min_value": 8, "max_value": 128, "step": 8, "sampling": "linear"}}, {"class_name": "Choice", "config": {"name": "activation12", "default": "relu", "conditions": [], "values": ["relu", "tanh", "selu", "sigmoid"], "ordered": false}}, {"class_name": "Int", "config": {"name": "num_units13", "default": null, "conditions": [], "min_value": 8, "max_value": 128, "step": 8, "sampling": "linear"}}, {"class_name": "Choice", "config": {"name": "activation13", "default": "relu", "conditions": [], "values": ["relu", "tanh", "selu", "sigmoid"], "ordered": false}}, {"class_name": "Int", "config": {"name": "num_units14", "default": null, "conditions": [], "min_value": 8, "max_value": 128, "step": 8, "sampling": "linear"}}, {"class_name": "Choice", "config": {"name": "activation14", "default": "relu", "conditions": [], "values": ["relu", "tanh", "selu", "sigmoid"], "ordered": false}}], "values": {"num_layers": 2, "num_units0": 8, "activation0": "relu", "num_units1": 8, "activation1": "relu", "optimizer": "adam", "num_units2": 8, "activation2": "relu", "num_units3": 8, "activation3": "relu", "num_units4": 8, "activation4": "relu", "num_units5": 8, "activation5": "relu", "num_units6": 8, "activation6": "relu", "num_units7": 8, "activation7": "relu", "num_units8": 8, "activation8": "relu", "num_units9": 8, "activation9": "relu", "num_units10": 8, "activation10": "relu", "num_units11": 8, "activation11": "relu", "num_units12": 8, "activation12": "relu", "num_units13": 8, "activation13": "relu", "num_units14": 8, "activation14": "relu"}}, "start_order": ["0", "1", "2", "3", "4"], "end_order": ["0", "1", "2", "3", "4"], "run_times": {"0": 1, "1": 1, "2": 1, "3": 1, "4": 1}, "retry_queue": [], "seed": 8469, "seed_state": 8591, "tried_so_far": ["4c1c540ee43675e1e495175a59fa2263", "539dc8e1d135168bf4ca9653b09c7a35", "d67662cf5253ce834cbc8896920280b6", "34f67b962e100cae19ad556a06c60320", "ed0f75037ae4b91bab8645370cf808b2"], "id_to_hash": {"0": "34f67b962e100cae19ad556a06c60320", "1": "539dc8e1d135168bf4ca9653b09c7a35", "2": "ed0f75037ae4b91bab8645370cf808b2", "3": "d67662cf5253ce834cbc8896920280b6", "4": "4c1c540ee43675e1e495175a59fa2263"}}