{"trial_id": "0", "hyperparameters": {"space": [{"class_name": "Int", "config": {"name": "num_layers", "default": null, "conditions": [], "min_value": 2, "max_value": 20, "step": 1, "sampling": "linear"}}, {"class_name": "Int", "config": {"name": "num_units0", "default": null, "conditions": [], "min_value": 8, "max_value": 128, "step": 8, "sampling": "linear"}}, {"class_name": "Choice", "config": {"name": "activation0", "default": "relu", "conditions": [], "values": ["relu", "tanh", "selu", "sigmoid"], "ordered": false}}, {"class_name": "Int", "config": {"name": "num_units1", "default": null, "conditions": [], "min_value": 8, "max_value": 128, "step": 8, "sampling": "linear"}}, {"class_name": "Choice", "config": {"name": "activation1", "default": "relu", "conditions": [], "values": ["relu", "tanh", "selu", "sigmoid"], "ordered": false}}, {"class_name": "Choice", "config": {"name": "optimizer", "default": "adam", "conditions": [], "values": ["adam", "adagrad", "rmsprop", "sgd"], "ordered": false}}], "values": {"num_layers": 2, "num_units0": 128, "activation0": "tanh", "num_units1": 80, "activation1": "relu", "optimizer": "adagrad"}}, "metrics": {"metrics": {"loss": {"direction": "min", "observations": [{"value": [0.5324088931083679], "step": 0}]}, "accuracy": {"direction": "max", "observations": [{"value": [0.44101837277412415], "step": 0}]}, "val_loss": {"direction": "min", "observations": [{"value": [0.4417784810066223], "step": 0}]}, "val_accuracy": {"direction": "max", "observations": [{"value": [0.5105610489845276], "step": 0}]}, "multi_objective": {"direction": "min", "observations": [{"value": [-0.5105610489845276], "step": 0}]}}}, "score": -0.5105610489845276, "best_step": 0, "status": "COMPLETED", "message": null}