{"ongoing_trials": {}, "hyperparameters": {"space": [{"class_name": "Int", "config": {"name": "num_layers", "default": null, "conditions": [], "min_value": 2, "max_value": 20, "step": 1, "sampling": "linear"}}, {"class_name": "Int", "config": {"name": "num_units0", "default": null, "conditions": [], "min_value": 8, "max_value": 128, "step": 8, "sampling": "linear"}}, {"class_name": "Choice", "config": {"name": "activation0", "default": "relu", "conditions": [], "values": ["relu", "tanh", "selu", "sigmoid"], "ordered": false}}, {"class_name": "Int", "config": {"name": "num_units1", "default": null, "conditions": [], "min_value": 8, "max_value": 128, "step": 8, "sampling": "linear"}}, {"class_name": "Choice", "config": {"name": "activation1", "default": "relu", "conditions": [], "values": ["relu", "tanh", "selu", "sigmoid"], "ordered": false}}, {"class_name": "Choice", "config": {"name": "optimizer", "default": "adam", "conditions": [], "values": ["adam", "adagrad", "rmsprop", "sgd"], "ordered": false}}, {"class_name": "Int", "config": {"name": "num_units2", "default": null, "conditions": [], "min_value": 8, "max_value": 128, "step": 8, "sampling": "linear"}}, {"class_name": "Choice", "config": {"name": "activation2", "default": "relu", "conditions": [], "values": ["relu", "tanh", "selu", "sigmoid"], "ordered": false}}, {"class_name": "Int", "config": {"name": "num_units3", "default": null, "conditions": [], "min_value": 8, "max_value": 128, "step": 8, "sampling": "linear"}}, {"class_name": "Choice", "config": {"name": "activation3", "default": "relu", "conditions": [], "values": ["relu", "tanh", "selu", "sigmoid"], "ordered": false}}, {"class_name": "Int", "config": {"name": "num_units4", "default": null, "conditions": [], "min_value": 8, "max_value": 128, "step": 8, "sampling": "linear"}}, {"class_name": "Choice", "config": {"name": "activation4", "default": "relu", "conditions": [], "values": ["relu", "tanh", "selu", "sigmoid"], "ordered": false}}, {"class_name": "Int", "config": {"name": "num_units5", "default": null, "conditions": [], "min_value": 8, "max_value": 128, "step": 8, "sampling": "linear"}}, {"class_name": "Choice", "config": {"name": "activation5", "default": "relu", "conditions": [], "values": ["relu", "tanh", "selu", "sigmoid"], "ordered": false}}, {"class_name": "Int", "config": {"name": "num_units6", "default": null, "conditions": [], "min_value": 8, "max_value": 128, "step": 8, "sampling": "linear"}}, {"class_name": "Choice", "config": {"name": "activation6", "default": "relu", "conditions": [], "values": ["relu", "tanh", "selu", "sigmoid"], "ordered": false}}, {"class_name": "Int", "config": {"name": "num_units7", "default": null, "conditions": [], "min_value": 8, "max_value": 128, "step": 8, "sampling": "linear"}}, {"class_name": "Choice", "config": {"name": "activation7", "default": "relu", "conditions": [], "values": ["relu", "tanh", "selu", "sigmoid"], "ordered": false}}, {"class_name": "Int", "config": {"name": "num_units8", "default": null, "conditions": [], "min_value": 8, "max_value": 128, "step": 8, "sampling": "linear"}}, {"class_name": "Choice", "config": {"name": "activation8", "default": "relu", "conditions": [], "values": ["relu", "tanh", "selu", "sigmoid"], "ordered": false}}, {"class_name": "Int", "config": {"name": "num_units9", "default": null, "conditions": [], "min_value": 8, "max_value": 128, "step": 8, "sampling": "linear"}}, {"class_name": "Choice", "config": {"name": "activation9", "default": "relu", "conditions": [], "values": ["relu", "tanh", "selu", "sigmoid"], "ordered": false}}, {"class_name": "Int", "config": {"name": "num_units10", "default": null, "conditions": [], "min_value": 8, "max_value": 128, "step": 8, "sampling": "linear"}}, {"class_name": "Choice", "config": {"name": "activation10", "default": "relu", "conditions": [], "values": ["relu", "tanh", "selu", "sigmoid"], "ordered": false}}, {"class_name": "Int", "config": {"name": "num_units11", "default": null, "conditions": [], "min_value": 8, "max_value": 128, "step": 8, "sampling": "linear"}}, {"class_name": "Choice", "config": {"name": "activation11", "default": "relu", "conditions": [], "values": ["relu", "tanh", "selu", "sigmoid"], "ordered": false}}, {"class_name": "Int", "config": {"name": "num_units12", "default": null, "conditions": [], "min_value": 8, "max_value": 128, "step": 8, "sampling": "linear"}}, {"class_name": "Choice", "config": {"name": "activation12", "default": "relu", "conditions": [], "values": ["relu", "tanh", "selu", "sigmoid"], "ordered": false}}, {"class_name": "Int", "config": {"name": "num_units13", "default": null, "conditions": [], "min_value": 8, "max_value": 128, "step": 8, "sampling": "linear"}}, {"class_name": "Choice", "config": {"name": "activation13", "default": "relu", "conditions": [], "values": ["relu", "tanh", "selu", "sigmoid"], "ordered": false}}, {"class_name": "Int", "config": {"name": "num_units14", "default": null, "conditions": [], "min_value": 8, "max_value": 128, "step": 8, "sampling": "linear"}}, {"class_name": "Choice", "config": {"name": "activation14", "default": "relu", "conditions": [], "values": ["relu", "tanh", "selu", "sigmoid"], "ordered": false}}, {"class_name": "Int", "config": {"name": "num_units15", "default": null, "conditions": [], "min_value": 8, "max_value": 128, "step": 8, "sampling": "linear"}}, {"class_name": "Choice", "config": {"name": "activation15", "default": "relu", "conditions": [], "values": ["relu", "tanh", "selu", "sigmoid"], "ordered": false}}], "values": {"num_layers": 2, "num_units0": 8, "activation0": "relu", "num_units1": 8, "activation1": "relu", "optimizer": "adam", "num_units2": 8, "activation2": "relu", "num_units3": 8, "activation3": "relu", "num_units4": 8, "activation4": "relu", "num_units5": 8, "activation5": "relu", "num_units6": 8, "activation6": "relu", "num_units7": 8, "activation7": "relu", "num_units8": 8, "activation8": "relu", "num_units9": 8, "activation9": "relu", "num_units10": 8, "activation10": "relu", "num_units11": 8, "activation11": "relu", "num_units12": 8, "activation12": "relu", "num_units13": 8, "activation13": "relu", "num_units14": 8, "activation14": "relu", "num_units15": 8, "activation15": "relu"}}, "start_order": ["0", "1", "2", "3", "4"], "end_order": ["0", "1", "2", "3", "4"], "run_times": {"0": 1, "1": 1, "2": 1, "3": 1, "4": 1}, "retry_queue": [], "seed": 9733, "seed_state": 9869, "tried_so_far": ["94c576c51fc4363c0e0b5e2e5bf669e6", "c87ee184146409e063501895869020d5", "405bbf89bc5f81c43108b74e69434324", "d2694192fe190d3268d44911db09a78d", "2cb096b8dee2f7e4a564b18bf3b8e3f0"], "id_to_hash": {"0": "d2694192fe190d3268d44911db09a78d", "1": "405bbf89bc5f81c43108b74e69434324", "2": "c87ee184146409e063501895869020d5", "3": "2cb096b8dee2f7e4a564b18bf3b8e3f0", "4": "94c576c51fc4363c0e0b5e2e5bf669e6"}}