{"trial_id": "3", "hyperparameters": {"space": [{"class_name": "Int", "config": {"name": "num_layers", "default": null, "conditions": [], "min_value": 2, "max_value": 20, "step": 1, "sampling": "linear"}}, {"class_name": "Int", "config": {"name": "num_units0", "default": null, "conditions": [], "min_value": 8, "max_value": 128, "step": 8, "sampling": "linear"}}, {"class_name": "Choice", "config": {"name": "activation0", "default": "relu", "conditions": [], "values": ["relu", "tanh", "selu", "sigmoid"], "ordered": false}}, {"class_name": "Int", "config": {"name": "num_units1", "default": null, "conditions": [], "min_value": 8, "max_value": 128, "step": 8, "sampling": "linear"}}, {"class_name": "Choice", "config": {"name": "activation1", "default": "relu", "conditions": [], "values": ["relu", "tanh", "selu", "sigmoid"], "ordered": false}}, {"class_name": "Choice", "config": {"name": "optimizer", "default": "adam", "conditions": [], "values": ["adam", "adagrad", "rmsprop", "sgd"], "ordered": false}}, {"class_name": "Int", "config": {"name": "num_units2", "default": null, "conditions": [], "min_value": 8, "max_value": 128, "step": 8, "sampling": "linear"}}, {"class_name": "Choice", "config": {"name": "activation2", "default": "relu", "conditions": [], "values": ["relu", "tanh", "selu", "sigmoid"], "ordered": false}}, {"class_name": "Int", "config": {"name": "num_units3", "default": null, "conditions": [], "min_value": 8, "max_value": 128, "step": 8, "sampling": "linear"}}, {"class_name": "Choice", "config": {"name": "activation3", "default": "relu", "conditions": [], "values": ["relu", "tanh", "selu", "sigmoid"], "ordered": false}}, {"class_name": "Int", "config": {"name": "num_units4", "default": null, "conditions": [], "min_value": 8, "max_value": 128, "step": 8, "sampling": "linear"}}, {"class_name": "Choice", "config": {"name": "activation4", "default": "relu", "conditions": [], "values": ["relu", "tanh", "selu", "sigmoid"], "ordered": false}}, {"class_name": "Int", "config": {"name": "num_units5", "default": null, "conditions": [], "min_value": 8, "max_value": 128, "step": 8, "sampling": "linear"}}, {"class_name": "Choice", "config": {"name": "activation5", "default": "relu", "conditions": [], "values": ["relu", "tanh", "selu", "sigmoid"], "ordered": false}}, {"class_name": "Int", "config": {"name": "num_units6", "default": null, "conditions": [], "min_value": 8, "max_value": 128, "step": 8, "sampling": "linear"}}, {"class_name": "Choice", "config": {"name": "activation6", "default": "relu", "conditions": [], "values": ["relu", "tanh", "selu", "sigmoid"], "ordered": false}}, {"class_name": "Int", "config": {"name": "num_units7", "default": null, "conditions": [], "min_value": 8, "max_value": 128, "step": 8, "sampling": "linear"}}, {"class_name": "Choice", "config": {"name": "activation7", "default": "relu", "conditions": [], "values": ["relu", "tanh", "selu", "sigmoid"], "ordered": false}}, {"class_name": "Int", "config": {"name": "num_units8", "default": null, "conditions": [], "min_value": 8, "max_value": 128, "step": 8, "sampling": "linear"}}, {"class_name": "Choice", "config": {"name": "activation8", "default": "relu", "conditions": [], "values": ["relu", "tanh", "selu", "sigmoid"], "ordered": false}}, {"class_name": "Int", "config": {"name": "num_units9", "default": null, "conditions": [], "min_value": 8, "max_value": 128, "step": 8, "sampling": "linear"}}, {"class_name": "Choice", "config": {"name": "activation9", "default": "relu", "conditions": [], "values": ["relu", "tanh", "selu", "sigmoid"], "ordered": false}}, {"class_name": "Int", "config": {"name": "num_units10", "default": null, "conditions": [], "min_value": 8, "max_value": 128, "step": 8, "sampling": "linear"}}, {"class_name": "Choice", "config": {"name": "activation10", "default": "relu", "conditions": [], "values": ["relu", "tanh", "selu", "sigmoid"], "ordered": false}}, {"class_name": "Int", "config": {"name": "num_units11", "default": null, "conditions": [], "min_value": 8, "max_value": 128, "step": 8, "sampling": "linear"}}, {"class_name": "Choice", "config": {"name": "activation11", "default": "relu", "conditions": [], "values": ["relu", "tanh", "selu", "sigmoid"], "ordered": false}}, {"class_name": "Int", "config": {"name": "num_units12", "default": null, "conditions": [], "min_value": 8, "max_value": 128, "step": 8, "sampling": "linear"}}, {"class_name": "Choice", "config": {"name": "activation12", "default": "relu", "conditions": [], "values": ["relu", "tanh", "selu", "sigmoid"], "ordered": false}}, {"class_name": "Int", "config": {"name": "num_units13", "default": null, "conditions": [], "min_value": 8, "max_value": 128, "step": 8, "sampling": "linear"}}, {"class_name": "Choice", "config": {"name": "activation13", "default": "relu", "conditions": [], "values": ["relu", "tanh", "selu", "sigmoid"], "ordered": false}}, {"class_name": "Int", "config": {"name": "num_units14", "default": null, "conditions": [], "min_value": 8, "max_value": 128, "step": 8, "sampling": "linear"}}, {"class_name": "Choice", "config": {"name": "activation14", "default": "relu", "conditions": [], "values": ["relu", "tanh", "selu", "sigmoid"], "ordered": false}}], "values": {"num_layers": 11, "num_units0": 104, "activation0": "sigmoid", "num_units1": 64, "activation1": "tanh", "optimizer": "sgd", "num_units2": 80, "activation2": "tanh", "num_units3": 64, "activation3": "relu", "num_units4": 8, "activation4": "sigmoid", "num_units5": 112, "activation5": "selu", "num_units6": 56, "activation6": "selu", "num_units7": 40, "activation7": "relu", "num_units8": 24, "activation8": "selu", "num_units9": 56, "activation9": "sigmoid", "num_units10": 96, "activation10": "selu", "num_units11": 32, "activation11": "relu", "num_units12": 112, "activation12": "relu", "num_units13": 104, "activation13": "relu", "num_units14": 16, "activation14": "relu"}}, "metrics": {"metrics": {"loss": {"direction": "min", "observations": [{"value": [12.035173416137695], "step": 0}]}, "accuracy": {"direction": "max", "observations": [{"value": [0.45162656903266907], "step": 0}]}, "val_loss": {"direction": "min", "observations": [{"value": [8.534585952758789], "step": 0}]}, "val_accuracy": {"direction": "max", "observations": [{"value": [0.5161716341972351], "step": 0}]}, "multi_objective": {"direction": "min", "observations": [{"value": [-0.5161716341972351], "step": 0}]}}}, "score": -0.5161716341972351, "best_step": 0, "status": "COMPLETED", "message": null}